,Label,Text
0,0, professional brexit disliker
1,0, film game writer vidproducer neoliberal shill coastal elitist technocrat dandyopinion employer   duh
2,1, t h c c latina hmu
3,1, read send salawat rasulullah
4,1, antizionist italophile live ct south africa main hobby ancient rome
5,1, support academic publication english german translation turkish   al german historian medicine have teach istanbul 20102018
6,0, prior service member love wife love mother awesome grandson be want well world grandbaby wv girl sc worlddm
7,0, support brave president day 1
8,1, t h c c latina hmu
9,1, t h c c latina hmu
10,1,  
11,0, knowledge manager km knowledgemanagement metadata taxonomy knowledgesharing cop communitiesofpractice
12,0, business education teacher langston high school arlington virginia
13,0, segment producer   tweet probably somebody else fault stumble fall grace
14,1, t h c c latina hmu
15,1, feral allege human
16,0, naval academy bs dartmouth college mba vanderbilt university law school jd   list
17,1, social medium refugee   come peace   like   like like  
18,1, zionistoccupiedgovtsorchestratemassshootingsplanecrashesantinwomasonicshoedisorder freepalestine saveyemen bekindtoanimal deathpenaltytopedos
19,1, times israel   anger board deputies failure speak netanyahu proposal join farright otzma yehudit party devotee mass murderer
20,1, human right
21,0, maga america america greatbuild wall drain swamp wwg1wga trump 2020 kag   block dumb ass talking liberal   twitt ad
22,1, disfellowshippe jw worship jehovah good way point bible truth   jws jah true people live bible afahp
23,0, revolution cancel long live revolution
24,1, rip lil feen rip matty dub fuck niggas bitch trust
25,1, freepalestine need freejudaism zionismbecause zionism antithetical judaism shapiro
26,1, love care love believe light heaven
27,1, leones1
28,1, t h c c latina hmu
29,1, t h c c latina hmu
30,0, 58 year old sailing 7 sea circumnavigate globe
31,1, racist apartheidisrael oppress 5 mio nonjew racist jews deny equal right jews   nonjew pls boycott racism like jvporg   bds
32,1, t h c c latina hmu
33,0, fan page youthicon powerstar    appu boss upcoming movie yuvarathnaa   james
34,1, t h c c latina hmu
35,0, bug blood
36,0, liberalism disease socialism fig
37,0, christianwifemomgrannyrn mom leopatriot backtheblue conservativeccotkag deplorable nramaga bluelivesmatter militarywwg1wga texan choice
38,1, oke broakun lama okterman lukman tumbangmerangkak dan merangkak lagi berjuang
39,0, believe   kindstay armed support president trump maga vet   south philly eagle datesflip bitch nj red
40,1, leather hobbyist paintballer snowboarder airbrusher dog lover
41,0, gunreform biden2020 teamjoe democraticestablishment
42,1,   let freedom ring   reply people eat tide pod not know bathroom use
43,1, t h c c latina hmu
44,1, t h c c latina hmu
45,1, antizionist italophile live ct south africa main hobby ancient rome
46,1, t h c c latina hmu
47,1, t h c c latina hmu
48,0, interests news faith love jesus catholic prolife seek ye kingdom god facebook dms
49,1, t h c c latina hmu
50,0, thin blue linewwg1wga               surrender
51,1, t h c c latina hmu
52,0, sheher
53,1, t h c c latina hmu
54,1, attempt music making
55,1, prof dr    process management   pm proud son jerusalem palestinian christian palestinianpalestine free river seabds
56,1, capitalist free marketeer constitutionalist disable vietnam vet member 2afdn estadista51   stoic
57,0, block       tweet     vote  
58,1, t h c c latina hmu
59,0, fan officialfan kohli
60,0, creater universe kabirdont ur way hell kill animal
61,0, rookie artist   blunt analytical commenterpart time furry whore frogland come fun nsfw
62,1, x y z
63,0, news opinion analysis israel middle east jewish world
64,0, political consultant congressional black caucus leadership conference civil right son pioneer civil rights lawyer barry goldstein
65,0, akatsuki
66,1, retweetretweet
67,0, maga love president tired politician fake promise history buff retire happily married vote corruption
68,0, extremely centrist limited gov conserve grow traditionalorthodox jewish exposing ods orthodox derangement syndrome ny medium
69,1, proud scot irish heritage palestine   mr average
70,1, t h c c latina hmu
71,1, t h c c latina hmu
72,0, cofounder adam   gila milstein foundation   american advocate   philanthropist rt endorsement
73,1, t h c c latina hmu
74,1, mossad pr department
75,0,   jewish zionist amyisraelchai antimarxist antiglobalist antinwo antieu fhumanity fsociety stopcorporatefascism ordoabchao knowthyself  
76,1, red flag
77,0, retired editor provide alternative msm grassroots news service cover indigenous environmental political cultural story opinion   event
78,0, mis hijos mi esposa mi familia
79,0,   
80,0, colombiano
81,0, calm gentle easygoing man
82,1, t h c c latina hmu
83,0, forgot declare be registered independent trust christ
84,1, t h c c latina hmu
85,1, que dicen los genocidasviolanios racistas misginos homofbicos quiebra patrias que ellos son muy providas y profamilia la d ellos
86,1, bi democratic labour socialist avid west ham utd supporter   fcbarcelona fan
87,1, polak z kresw ale urodzony w ldkuzdroju
88,1, capitalist free marketeer constitutionalist disable vietnam vet member 2afdn estadista51   stoic
89,0, be profane humanist leave jesus love human dennounce holy abuse   minha maior heresia   amar humanos antes de qualquer deus
90,0, expat ny maga kag 1a 2a vets prolife buildthewall blckd   married father maga ambassador mthphys digitallurp
91,1, human right
92,0, stand thunderstrucki tweet dutch gun nut
93,0, omnia vincit amor et nos cedamus amorieddieredmayne chrispratt adamdriver coleswindell lukebryan puppyinzgzielonagoralesznogorne
94,0, dios lo primero la familia es la base de toda sociedad saludable es necesario desenmascarar el engao comunista y progresista
95,0, information crime idea prevention crime tip stay safe
96,0, free mean responsible action
97,1, antizionist italophile live ct south africa main hobby ancient rome
98,0, love fail
99,0, nallavangaluku nallavan
100,1, t h c c latina hmu
101,1, sick tired msm lie middleeast make sarcastic country god costco prophet tim horton
102,1, t h c c latina hmu
103,0, photography mixed medium digital artist outdoors woman airstream addict
104,0, 30   batboy   furrytrash   music fiend   leftist dem   like meet new people d   hehim   sfw   nsfw like   boyfriende   business major
105,1, joycon man forever
106,1, t h c c latina hmu
107,0, search truth support humanity justice poor persecute anti war   interested history peace freedom oppress
108,1, t h c c latina hmu
109,0, thurrock fc committee member pass interest dart tennis especially andy murray
110,0, oppose effort delegitimize state israel boycott divestment sanction bds movement
111,0, engage trump supporter stupid people thing block ass theresistance    nooneisabovethelaw climatechangeisreal
112,1, gun cool sprachen sind cool auslaenner
113,1, spread occult knowledgei am3rdeyegang spillingthematrixnew information daily
114,0, life hand lemon trade gift certificate olive garden
115,0, mother retire 30 year mh   addiction crisis work enjoy life connection nature people spirit
116,1, en rfrence au sketch des inconnus tournant en drision l histoire de france
117,0, proisrael zionist observant jew antibigotry mets jet net ranger   particular order
118,1, look longer road be know terminal crazy get bronze badge be good guy
119,0, follow follow will not follow cause view r one
120,0, mennonite pastor     antiracist feminist prison abolition ravenclaw friendly   totally appropriate sheher author fire night
121,0, messy1 hero nation see
122,0, shethey   13   like chihiro   coffee addict dessert pancake enthusiast   stan    brother     
123,0, ornery cuss live pnw politic family dog
124,1, t h c c latina hmu
125,0, father   grandfather proud   ashamed trumps america climate change existential threat
126,0,          bts
127,0, colombiana   santandereana te gustara ver mi contenido escrbeme al dm    video llamadas   tangas
128,1, t h c c latina hmu
129,1, truth pass 3 stages1st ridicule 2nd violently opposed 3rd accept selfevident fisaabuse
130,0, nonpartisan jewish   israel advocacy combat antisemitism holocaust revision bds   antiisrael distortion elder ziyon guest columnist
131,1,   say okay definitely not mid gendering issue
132,1, audio engineer veteran submariner
133,1, jc4pm
134,0, ex labour dv mh survivor vanilla
135,0, tolerance lie platitude whataboutery skilled bullshit detector cheap wine connoisseur pragmatist mejew
136,0, duty love listenp tdid morning dawn finger love md
137,0, primer diario de noticias econmicas empresariale y financieras de colombia
138,1, people rightful master congress   court overthrow constitution overthrow man pervert
139,0, ooc23   red squirrel hybrid   open poly
140,0, renunciare ver siempre el vaso medio lleno solo es cuestin de actitud y ganas hincha del unin y bara
141,1, t h c c latina hmu
142,0, writer   respecter reader   settler anishinaabe land   sheher
143,1, capitalist free marketeer constitutionalist disable vietnam vet member 2afdn estadista51   stoic
144,1, t h c c latina hmu
145,0, michigan bear   politic news sarcasm offensive tweet hypocrite
146,0, auratic interior consultancy   design
147,0, move forward think backwards vanessa
148,1, write screenplays music god inspire angel change world
149,0,   einfach einfachmachen    politisch aktiv    israel und schwebebahnfreund
150,1,           
151,0,  
152,0, passionate israel   human right advocate   
153,1, t h c c latina hmu
154,1, baron tremayne caple aka autism man video game artist video game designer video game developer   video game mobile join twitter 2008 age 15
155,0, toda coisada44998716245
156,1, t h c c latina hmu
157,1, t h c c latina hmu
158,0,
159,0, forex trader
160,0, design fashion cityline design expert tv   medium personality idf sgt ret international speaker pr
161,0, god good   god1st christian bless conservative maga kag trump2020 israel
162,0, ba media study aspire writer afro latinx   queens native
163,1, john brown street             emma goldman sheet             writerartistteacher itthat tote terrorist
164,0, well 2 kind 2 right
165,1, gfl respector   southern white nationalist   ump9   animeright     
166,1, t h c c latina hmu
167,1, t h c c latina hmu
168,0, anticaviar muerte hincha crema y sangre color rojo ferrari
169,1, t h c c latina hmu
170,0, baby boomer like palm slap politician dc
171,1, t h c c latina hmu
172,0, rnmaga2020landslide married mom 3 child christian conservative
173,0, maga kag t party trump marry   5 kid 10 grandchild rt mean agreement
174,0, maga patriotgod win eternal gratitude 2r vetsmilitary wwg1wga silent war walk away 45 state landslide come
175,0, retired electrical mechanical technician lead gd
176,0, scottish birth   zionist choice   proud follow    serve british force afghanistan   follow
177,1, turan shitposterantichosenitesecofasciststoicism
178,0, sylvester cat
179,0, zionist s need know
180,0, marxistleninist junkie ret extremely amateur topical cartoonist   law student
181,0, shit
182,1, be terraplanist sedevacantist terra plana sede vacante mdccxl roman usurped vatican 1ists vatican 2ists insane
183,0, trouble like cancer get to early not early get big kill got to cut capeesh
184,1, bot1
185,0, maestria en malas palabras el profe gamer gevs24 en xbox instagram
186,0, know actually choose let
187,0, architect   artist   musician    vet   trump 2020 kag
188,1, t h c c latina hmu
189,0, person live life wonder
190,1, t h c c latina hmu
191,0, delta blue photog   musicphotos rule   fb       
192,1, t h c c latina hmu
193,0, profile
194,1, antizionazipropagandawarsnwomasonicshoedisorder freepalestine saveyemen bekindtoanimal deathpentopedoszionistoccupiedgovtsorchestratestagemassdeathevent
195,0, new york local black rise anarchist federation seccin de nueva york de la federacin anarquista rosa negra arriba l que luchan
196,1, t h c c latina hmu
197,1, retweete not constitute endorsement
198,0, journalist   visit nieman fellow 2018   alum
199,0, actor reseller humanist author leave worship trump cabinet steve dustcircle auorg ohio chair
200,1, t h c c latina hmu
201,0, mabaleng project   ig thatmphelaguy   manchester city   mamelodi sundown
202,0, team jewish
203,1, operation q
204,0,   amdebateworld affairssatirelakerstennis mma cfb az softball
205,0, jew autistic journalist comedian progressive contrarian streak disrespect especially antisemite block amyisraelchai
206,1, establishment not worry bernie not beat trump worry
207,1, jc4pm
208,0, secretaria de la direccin de energa   innovacin y nndd hunosasepilicenciada en prevencin de riesgos laborales
209,1, t h c c latina hmu
210,0, be backup account love sht kickin music
211,1, terror religion race native america belong native people palestine belong palestinians
212,0, official account auschwitz exhibitioncuenta oficial de la exposicin auschwitz
213,1, t h c c latina hmu
214,0, msica guitarra canto ing alimentos hijo hermano esposo y padre diestro defensor democracia maleducados deseo ver mujer presidente de colombia
215,1, hiya be jack washington state love evergreen mountain
216,0, fashion plugdelivery nation widewhat get100 qualityig fb olumide affordable
217,1, rave repuker   australias fair dinkum news blog
218,0, retweet endorsedright wing rightimam tawhidi light dark placetommy bring hope not word right eminem music
219,0, science copy editor   blogger
220,0, award win journalist cover policecourt city county state government pr backgroundretire educator workinginner city student tweet not chat
221,0, conservative republican belief   israel surrender land make concession   neverlpc neverndp canada lions nfl fan mlb fan
222,1, t h c c latina hmu
223,1, thing   fcim
224,0, socialist hypocrisy racism freepalestine
225,1, m70shooter backup acct
226,1, capitalist free marketeer constitutionalist disable vietnam vet member 2afdn estadista51   stoic
227,1, human right
228,1, jc4pm
229,0, study work late sri sitaram goel india communalist sri rajiv malhotra beingdifferent indrasnet invadingthesacre
230,1, t h c c latina hmu
231,1, antizionist italophile live ct south africa main hobby ancient rome
232,0, nomad heart politician choicetweet personal view
233,0, profesional del lorem ipsum y shoegazer
234,1, su espada defiende los desvalidossu poder sostiene los dbiles
235,0, gay atheist rootless cosmopolitan vegetarian leftist security hawk cat patsy constant fucking joy opinion strictly rtnothing
236,0, micky peckham
237,1, redwhite pille godfamfreedomacceleratedantifdegeneracy magmegpreceptstraditionnamingfighte subversionnoticing
238,0, retiredlove dog cat busy news internet   like read good book   love jesus busy
239,1, peace activist humanitylive honestly wintegrity dignity moralsempathy   selfrespectspeak truth power everywherekarma
240,1, t h c c latina hmu
241,1, dan les grandes perplexitsastrein toi   vivre comme si lhistoire tait close et   ragir comme un monstre rong par la srnit cioran list
242,1, t h c c latina hmu
243,0, el centre en defensa del petit comer treballem la independncia de catalunya des de 1903
244,1, enjoy lot people twitter comment concern foible
245,1, human right
246,0, administrador de empresas udecino visionario emprendedor y soador
247,0, teach   psi physics 9th grade academy 2014 circle label answer
248,1, t h c c latina hmu
249,0, august   bird bird   theythemme fatale   machine kill fascist   jellicle queer
250,0, estudiante de administracin financiera   universidad de santander udes bmanga   amante de las finanzas
251,0, prof english writer live politic culture art road  
252,1, hanya seorang silent reader yang masih miskin ilmu masih terus belajarweare4palestine
253,1, ddhh graduado en lenguas modernas mster en formacin del profesorado futuro profesor afortunado por mis hermosas isla
254,1, t h c c latina hmu
255,0, wife mother grandmother trump right escalator lonely interested romantic relationship
256,0, political editor    contributor   mf 36pm et host end discussion coauthor   alum
257,1, t h c c latina hmu
258,1, t h c c latina hmu
259,1, t h c c latina hmu
260,1, mulberry connoisseur environmentalist history buff humanitarian antizionist freepalestine end israeliapartheid
261,1, t h c c latina hmu
262,1, professor author uniqueness western civilization faustian man multicultural age good seller canada decay
263,1, allah o servant mankind forbid oppression forbidden oppress
264,1, citoyen du monde   comme al idrissi passionn de cartes gographie urbanisme assoiff de savoir et de justice humaniste car tous gaux devant dieu
265,0, abogado  
266,0, dhimmi exterminator
267,1, lawyersocial activisteschatologistresearcher   foreign policy affair   geostrategy geopolitic economy religion
268,1, musician artist teacher
269,0, education road peace fight antisemitism support israel word learn israel
270,1, t h c c latina hmu
271,0, jesus king  
272,0, play football simple play simple football hard thing
273,0, analogue guy digital world apres moi le deluge
274,0, today democracy isbar peoplebuy peopleoff peopleplante 100117 palm trees48times blood donatedindia  
275,1, be unix respecter enjoy soap notebookspens   bottled ink   perrito progenitor constantly teeter curse   wholesome use emacs btw
276,1, t h c c latina hmu
277,1, t h c c latina hmu
278,0, united fan   self employ
279,1, bear skull outside head give 2weeks live be 43 go strong   doctorsdontknoweverything
280,1, oke broakun lama okterman lukman tumbangmerangkak dan merangkak lagi berjuang
281,1, vilnius university
282,1, antizionist italophile live ct south africa main hobby ancient rome
283,0, antes era creativa en una agencia de publicidad ahora soy creativa en la cocina cocinera pastelera creadora de contenido autora
284,0, retired rn reiki practionerlgbtqresistence
285,0, lifelong optimist value people sense humour proportion dislike false god especially eu socialism political correctness
286,1, retweete not constitute endorsement
287,0,    70                30        15      
288,0, black pearl ocean bed
289,1, iotbw local representative   linbergh scholar     christian identist   countersemetic   racially aware   constitutionally fundamental   akia
290,1, t h c c latina hmu
291,0, jetsgoxbl vicesamnintendo network 278248326117
292,1, proud britishpak muslimlove fcbhate racistsalway stand truth
293,0, write history bitter twist lie trod dirt like dust ill rise
294,0, social networking professional love cycle track share market collect coin stamp
295,0, anticorruption antiwar bekind becompassion justiceforall morality humanity bleed color
296,0, nurse try survive covid 19 ernurse kag trump2020 dar daughter american revolution
297,1, t h c c latina hmu
298,1, manual laborer slum iron city little shady work thing space bionicsspacex alitaarmy neuralink mars
299,0, s necessarily endorsement aim validity hilarity
300,1, usura
301,1, go get weird weird turn pro hst avid giggler super hugger loud talker big lover science matter sex matter people matter
302,0, big fan appu
303,1, t h c c latina hmu
304,1, racist apartheidisrael oppress 5 mio nonjew racist jews deny equal right jews   nonjew pls boycott racism like jvporg   bds
305,0, chelseabarcelonaajax napoli   orderi tweet spanish english messi goat kante good number 7 world
306,0,   globull warm   global warming stop 1997 earth cool grandsolarminimum
307,1, la aliyah cest aller donner la mort aux autochtone palestinien je dit que la aliyah cest baignes de sangs et de haines une honte pour lhumanit
308,1, sobatpalestinaina   grouppalestine
309,1, rave reporter   australias fair dinkum news blog
310,0, ray fuck
311,0, math professor business love sportsmath swimming excel modeling
312,0, visit 1875 large independent jewish community newspaper america
313,0, famed pun hater squirrel supremacist feline monarchist     x sheher
314,1, racist apartheidisrael oppress 5 mio nonjew racist jews deny equal right jews   nonjew pls boycott racism like jvporg   bds
315,1, t h c c latina hmu
316,1, t h c c latina hmu
317,0, upset parent induct lucky sperm club delude think selfmade
318,1, human right
319,1, wholesome   uwu egirl nice great nazi totally actually guy irl haha
320,1, t h c c latina hmu
321,0,
322,1, jc4pm
323,0, biohistorian knights templarati fellowship ring early warning radar global risk count
324,0,      dm jika kamu tidak memiliki   kesempatan maka ciptakanlah youonlylifeonce
325,1, moje sanje videti jedrsko gobico nad brusljem jeruzalemom new yorkom
326,1, t h c c latina hmu
327,1, t h c c latina hmu
328,1, antizionist italophile live ct south africa main hobby ancient rome
329,0, democrats rue day force impeachment house    12182019
330,1, heart sleeve checkego blast checkcan deliver bet
331,0, global jewish news service 100 year read archive glimpse jewish history
332,1,   bds    greatreturnmarch         israelisaracistendeavour
333,0, legend follow   be big chungus harvard degree meme happily block   maga
334,0, old school leftwinger expublic sector fbpe fly red flag twitter
335,1, british bear england indian ethnicity   antizionist manchester united fan
336,1, ahaha
337,0, road shithole selfdetermination
338,0, american
339,0, author historian storage area network expertstreetcarstransit arsenal fan bookworm democrat social medium expert real jobpronoun hehim
340,0, old postcard letter yiddish helpcheck new yiddish word find twitter notinthedictionary tweet   
341,0, old wise ready slightly sardonic comment fucking outrageous abuse power
342,0, queen   microbiology entrepreneur ceo   vogue   clothing   fabric   footwear   watch   bag   accessory
343,1, je ne rpond quau suprmatiste qui se la raconte respect les religion mais ceux ci reste des fables mythiques qui ne donne aucune lgitimites
344,1, jc4pm
345,0, bernie2020 residueforbernie dsa medicareforall greennewdeal banfracke keepitintheground sick tax dollar fund endless war
346,0, direitista conservador e miguelista   hockeyonly
347,0, corporate marketing manager interest internationalcorporate marketing strategy global hr hrmarkete strategy hr managementsoftware
348,0, asst editor   reg contributor   author original sinner genesis matter bennington mfa trainer life
349,0, nakal tapi loyal
350,1, father lawyer writer progressive humanrights macrondemission climatechange bds quaker impeachment resist francepalestinesolidarit
351,0, maga proisrael jew
352,1, t h c c latina hmu
353,0, life come fast
354,1, t h c c latina hmu
355,0, grammar nerd language lover service
356,1, t h c c latina hmu
357,0,   organic grassfed asshole   freespeech   gracehis grace   canuck   stupid proud celt
358,1, t h c c latina hmu
359,0,                 
360,1, t h c c latina hmu
361,1, t h c c latina hmu
362,0, lesbian   trans butch cusper   jew progress   drag king  
363,0, la native houston 13 27 year sojourn pac nw dad amazing young woman early 20 conservative independent like trump accomplishment
364,1, twitter kike
365,0, be man love woman freckle    patriot   constitution conservative maga   kag   steak   trump2020 marine serve god man wwg1wga
366,1, t h c c latina hmu
367,0, ndasmu
368,0, family anybody new meet earth   fresh relationship life
369,1, t h c c latina hmu
370,0, tweet zionism antisemitism incl antizionism israel nonreligious scientific secret mossad agent bigotryracismpseudoscience
371,1, support     boycott jewish   israeli antisemitism palestinian semites bc nonjew deserve equal right
372,1, t h c c latina hmu
373,0, 1st human right matter 2nd constitution protect people 3rd prosperity provide common sense informed demos
374,1, t h c c latina hmu
375,0, news opinion analysis israel middle east jewish world
376,0, lifelong democrat jfk hrc mother retire rn music lover celtics resist kamalaharris202x justiceisontheballot
377,1, give good effort pc
378,1, teacher wildlife ecologist environmentalist
379,0, holad
380,0, be rapperrrrrrrrrrr dassit u dat cool
381,1, t h c c latina hmu
382,0, conservative christian love god   country wakeupamerica board way magadraintheswamp add 2 list   block
383,1, human right
384,0, jewishstudent activistzionistcollege democrats nycanadian live america shethey
385,0, yisrael chai zionism aspiration jews worldwide live ancestral country safely rt not constitute endorsement
386,0, love   christian writer   administrator   assumption   excuse   half measure   retweet not endorsement
387,1, tweet gae reatard jail
388,1, antizionist italophile live ct south africa main hobby ancient rome
389,1, goal life kind person dog think
390,0, dovis human   elephantlove disabled jewess inkstained hand   theyshe   learningunlearne   stay    tip
391,1, t h c c latina hmu
392,1, la aliyah cest aller donner la mort aux autochtone palestinien je dit que la aliyah cest baignes de sangs et de haines une honte pour lhumanit
393,1, circumcision sex crime not hardly exist not force infant child foeticide graveley immoral abolish usury
394,0, mom day romance writer nightnaptime book free amazon kindle quarantine info  
395,1, jc4pm
396,0, grandma refugee farleftfarright horseshoe israeli firster gay liberalnot leftist zionist team bidenklobucharharrisbloomberg
397,0, contador pblicoamo mi flia mi hija lo mximo asesora
398,0, be proud parent grandparent care make life well socially conscious progressive canadian
399,0, hi     pls help 500 like tweet discord imolly7083 werewolfonline werewolf l4l
400,0, technical illustrator crrc ma transportation enthusiast
401,1, t h c c latina hmu
402,0, enjoy life full avoid drama cost  
403,1, t h c c latina hmu
404,0, official twitter actorcomedian   screenwriter ricardo matos road night booking ricardomatosproductionscom
405,0,
406,1, t h c c latina hmu
407,1, t h c c latina hmu
408,0, neocon war theythem
409,0, husband dad chicagoan music lover   cubs fan
410,1, antizionist italophile live ct south africa main hobby ancient rome
411,1, fun dude 17 entpa leo
412,1, piss
413,1, blockchainrevolution ai quantum science sustainability human   civil right ows giletsjaune vegetarian cyberbillofright krishnaconsciousness
414,1, t h c c latina hmu
415,0, hoyoodad wass
416,1, jc4pm
417,1, lion damascus bashar alassad stand undefeated victory syrian arab armygreatawakeningworldwide lexit tulsi2024 wwg1wga
418,1, t h c c latina hmu
419,1, artist animation aficionado anarchist voluntaryist laissezfaire capitalist
420,0, wiener holocaust library world old holocaust archive britain large collection nazi era
421,0,            
422,0, stop try justify exactly genocide right 0gravelanche yemencantwait unity4j
423,0, dad 2 fab boysbestselling authorthe real mccainb clinton 4 prescomm 4 bloomberggorebuffett orgsdaily beast columnistpenn   sipa opinion c moi
424,1, t h c c latina hmu
425,0, escape route corbynism complete
426,0, ko niversitesi anadolu medeniyetleri aratrma merkezi aname   ko university research center anatolian civilization
427,0, father 3 college graduate   retire   veteran 22 yrs   world traveler   have 7 continent 6 twice   fan   godawgs
428,1, t h c c latina hmu
429,0, christian zionist expose medium   lie hate leave right extremist nationalist   islamistspatriot humanist lgbt human value   heritage
430,0, frescura que alimenta
431,0, praxis conciencia y libertad    web de teora marxista contempornea
432,1, t h c c latina hmu
433,0,       
434,0, creator powerful short   video writer captivate content   45 million quora view experience professional counselor vestibulardisorder
435,0, truth live experience namaste sada vatsale matrubhume   tvaya hindubhume sukham vardhitoham   mahamangale punyabhume tvadarthe
436,1, nation future depend rid arrogant religious fanatic   liar morrison dirtycoal unsustainable scottyfrommarkete sportsrort
437,0, bts   xiao zhan   sophia
438,0, fully automate twitter bot randomly generate poem line natural language processingbitcoin address1lcjteany8nsar23scrcfyju2gydwvqnfq
439,1, t h c c latina hmu
440,0, labour party activist   taunton somerset democratic socialist view conspracy thorist watch
441,1, book    writer   reader book critic   mentalhealth   mena   sunni   care humanright   grouppalestine    secretly ninja
442,1, t h c c latina hmu
443,1, t h c c latina hmu
444,0, future mean like fly car hotel moon tang
445,0, comunicadorjaveriana edil   de la comuna 22 en cali   comunity managerdirector   comercial en    y
446,0, menina dos patinhos                                        jogadora
447,1, history not happen vacuum   ados tangibles2020
448,0, doctorate reportage mojo
449,1, langzeitarchivierung audioforensik und master
450,0, peace chance
451,1, black black black black number
452,0, anarchamystical yes   play guitar cry sing   fight power   bad vegan   transnomian   theological grease monkey      
453,1, t h c c latina hmu
454,0, israel   palestine reporter argentina   switzerland wine   steak like bookmark ig ga fb   li
455,0, facebook tiktok
456,0, american jew unapologetic zionist secular daughter holocaust survivor politically homeless
457,1, support     boycott jewish   israeli antisemitism palestinian semites bc nonjew deserve equal right
458,1, t h c c latina hmu
459,0,           
460,1, retweetretweet
461,0, moderate liberal radical zionist politically homeless christian love atheist friend lose cause
462,1, turanstoicismeco fascismbana beyaz diyenin anasn sikerim
463,1, tolerate ethnic cleansg snipe kill maiming home demos palestine   crime fictn fan rt ff autoendorsement
464,0, expose leftwe antisemitism account run jewish investigative journalist   exlabour member strong content labourantisemitism
465,0, welcome hellscape little bit yoi little bit politic lotta meme
466,1, free thinker modern war fight great zion zionist play side zionism theology theodor herzl karl marx
467,1, 23   liverpool fc   toronto raptor  
468,1, be pirate
469,1, t h c c latina hmu
470,1, jewish people monolithic block not   support antisemiticislamophobic trump zionism apartheid israel
471,1, bitcoin ethnonationalism patriarchy environmentalism eugenicscrispr technology antiabrahamismcreator twochildpolicy white woman
472,0, phd juggalo philosophy
473,0, wifemomnanitrump2020jfk post   view scientific fact religious beliefsthis include view behalf government
474,1, t h c c latina hmu
475,0, ally lgbtqia splc cia adl satire account tweet fake samesex attract bullying allow
476,1, proud britishpak muslimlove fcbhate racistsalway stand truth
477,1, moje sanje videti jedrsko gobico nad brusljem jeruzalemom new yorkom
478,0, block anne appelbaumradek sikorski svenska dagbladet antisemite blockedso altright antysemitw blokuj automatycznie
479,0, bullshit je dnonce la bullshit peu importe sa couleur politique intolrante   la btise humaine volontaire et au syndrome des trois singe
480,1, metallurgical worker keyword worker trot actually southern rock blue love metalhead highlander sf reader whatnotfuerzacristal cmonciteh
481,1, come place light produce itselfhuman hebrew abolitionist descendant slavery united states service truth
482,1, rando husky love anon guy totally bot retard
483,1, t h c c latina hmu
484,0, silently social
485,0, dreamer      ee   engg
486,1, father saturn v participant operation paperclip war criminal love redhead trump maga
487,0, fun love god
488,1, trigger shit scum    diversity fuck liftie commie globalist coon fight children white future makeaustralialuckyagain
489,0, jew christian cowboy   god love
490,1, t h c c latina hmu
491,0, administradora de empresasgerente comercialni de extrema derecha ni tibianunca de izquierdaanti petro antifarc anti santos
492,0, law professor chief white house ethic lawyer 200507 independent host politic podcast   view express be
493,0, chaotic neutral   ig   dryadical
494,1, vote bernie   plan b vote greenhelp drag americans dark corner psychopath basement in2 light life deserve
495,0, good peoplea follow daily stream consciousness analyzingi pay attention   politic let stay educate
496,0, el salvador camina sin rumbo la crisis se combate con   crisis condimentada con desorden improvisacin soberbia odio desinformacin mentiras represin
497,0, maga standwithus           
498,0, manz laugh    opinion hold longer hold relevance evolve grow   not try put check old tweet
499,0, hit magnet
500,0, godfamilycountrynra life memberprolife 2accwmagakag israelconstitutionrule law order chaospsalm 46retired cfonfl
501,0,
502,1, rien mais golf
503,1, antizionist italophile live ct south africa main hobby ancient rome
504,0, prolife2a 1agod1stfamilycountryveteransmilitarygenflynn     
505,0, native american professional artist   massage therapist   gopackgo   account rule russiaattackedus2016   vote
506,0, darkness drive darkness light hate drive hate love mlk   support republican party   maga
507,0, authentic blackconservatism fundamental explicit goal oppose white supremacy kareim oliphantblackconservative
508,1, peace home peace worldi think well newton contemplate apple get place v schauberger
509,1, t h c c latina hmu
510,0, eureka seven   storywriter
511,0, journalist historic preservationist environmentalist rural iowan love animal history buff
512,0, israel innovative   productive country world report great news come zion gaga israel
513,0, writer israelpalestine role politic thing dissent mooncup enthusiast recent work    
514,1, t h c c latina hmu
515,0, forgive maga trump supporter christian independent conservative red pille wwg1wga freeinfowar ibor   pardonrogerstone
516,0, reform liberal patriot second amendment advocate shitpost maga supporter narrative feeder walkaway
517,1, woof haha fucklike holy shit woof
518,1, support     boycott jewish   israeli antisemitism palestinian semites bc nonjew deserve equal right
519,0, god plan trust live enjoy itpentecostal del nombrederecha pura republicano conservador
520,0, attorney    professor         staffer edva prosecutor     tweet holocaust
521,1, neurologistneuroscientist
522,0, dramatist wrench fiction fierce urgency fact r murdoch cofounder   executive editor
523,0, talk read short book
524,0, comunicador social unab presentador de extratiempo canal tro y comentarista de caracol radio
525,0, courage kindness friendship character quality define human beingsand propel uson occasion greatness        rj palacio
526,1, t h c c latina hmu
527,1, t h c c latina hmu
528,0, israel supporter uga dawg fan   marry love life
529,0, club de libros de una mujer apasionada por lalectura sus hijos la finecuisine el buenvino y los perros
530,0, think probably postal worker
531,1, gender identity poo prefered pronoun poopspoosi selfdiagnose ptsdadhdstd lgbt   not respect poophobic bigot
532,0, trumps president   right twitter block follow people   follow    ill follow soon
533,0, animal welfare   wildlife activist
534,1, t h c c latina hmu
535,0, expose leftwe antisemitism account run jewish investigative journalist   exlabour member strong content
536,0, gaming anime enthusiast time nazi hunter holocaust denier slayer destroy lie communist perpetrator read lot ww2 history book
537,0, exstreetgirlehm straenkind antifa feminismus anarchistin friedhofsgrtnerin fantasyfan bisexuell
538,0, onestop news site israel region   jewish world breakingnew check
539,1, workaholic
540,0, retired progressive interested curious tech hobby resist
541,1, t h c c latina hmu
542,0, notmeusthey   lesbian   jew
543,1, dad husband presidential citizen
544,1, friend faithful good book   hemingwaysupporter palestinian rights support moslem women right wear hijab
545,1, prof dr    process management   pm proud son jerusalem palestinian christian palestinianpalestine free river seabds
546,1, quapa    antitwink nomenclature   kaworu good girl   aesthetic neater politic
547,1, t h c c latina hmu
548,1, dad tother half thing liverpool beard grower guinness drinker klopp trust truth instagram
549,0, jewishirish hybrid bisexual lefty zionist hehimretweet endorsement note antisemite block sight warn
550,1, t h c c latina hmu
551,1, t h c c latina hmu
552,1, t h c c latina hmu
553,0, direitista conservador e miguelista   hockeyonly
554,0, christian    2nd amendment   prolife    nra member   america great trump 2020
555,1, t h c c latina hmu
556,0, fnafdsaf twt   artist hehim pronoun pls help run   run
557,1, screenwriter s look screenwriter idea connection positive vibing follow not
558,0, fight antisemitism 247 shabbat accord richard burgon be enemy world peace mossad teach fly
559,0, moment creation moment lady lovedalway god care
560,0, plastelinian jew secretly help zionist 1953 miss opportunity miss opportunity easily mold fit antisemantic narrative
561,0, trump 1a2a
562,0, ex gay
563,1, t h c c latina hmu
564,1, h    l   t      p eq   q   pf s      x idwp
565,1, t h c c latina hmu
566,0, friend maker rts endorsement
567,0, bluestar nonprofit 501c3 organization dedicate empower generation israel advocate leader
568,0, usmc 7881 0311usn sea bee 9106 eocmaga gun carry god love patriottrump2020 life nra member happily marry wonderful woman
569,0, bear breed colorado single guy
570,0, comprendiendo que la vida es un relajo a318
571,1, free thinker modern war fight great zion zionist play side zionism theology theodor herzl karl marx
572,1, editor daily boomer   comedian   ashkenazi jew   weightlifter   pawg disrespecter   autistic   gay   trans specie   progressive   social justice warrior
573,0, dqw4w9wgxcq
574,0, spell backwards disney
575,1, conform world transform bythe renewing mind discern god
576,1, ex nurse photographer artist
577,0,
578,1, jc4pm
579,0, happen objectivity prodemocracy capitalism peace human right interested international affair   middle east
580,0, not arse   look old man   old   93 fact
581,0, bm say follow soooooo
582,1, parzival anfangs ein unerfahrener tollpatsch geht er wohlgemut auf die suche als pirat sein motto freiheit erreichen wir nicht dem wir sie abschaffen
583,1, jc4pm
584,1, t h c c latina hmu
585,1, t h c c latina hmu
586,0, government   politic
587,1, t h c c latina hmu
588,1, t h c c latina hmu
589,0, obrero revolucionario marxista leninista
590,1, thing   fcim
591,1, t h c c latina hmu
592,0,   sara kam   theythem   22   artist jokester header
593,0,                 mor   r togthr btroof
594,0, founder   proud progressive orthodox jew   writer      
595,1, editor daily boomer   comedian   ashkenazi jew   weightlifter   pawg disrespecter   autistic   gay   trans specie   progressive   social justice warrior
596,1, t h c c latina hmu
597,0, official twitter account rccg public relations department   rccgpublicrelationscom
598,1, win lose speak injustice retweet not endorsement bds
599,0, 18retweet heavytally hallwe problematic ride die vernero danero boy
600,0, iron sharpen iron person sharpen
601,0, sepi ing pamrih rame ing gawemanungsa bakal ngunduh wohe pakarti
602,0,   djinn jews    talmudic hoor   new acct   kiss 3rs
603,1, t h c c latina hmu
604,0,        
605,0, pediatricneonatal flight transport respiratory therapist conservative christian support constitutional right
606,1, t h c c latina hmu
607,1, t h c c latina hmu
608,1, not follow petey pablo say freakaleek
609,0, hitler nazi u support hitler ur nazi corbyn racist u support corbyn ur racist
610,0, muslim 14 currently 23 walk beauty   presence god veganism   dawah endorser pro turkey yemen   glitter anti racism
611,0, resident vuvuzuela
612,0, zionist jewish proud israeli proud heritage 16 year old like historymake happen
613,0, tip iceberg   jewish conspirator   channel coordinator    open source investigative journalist   vpn user   read public post
614,1, t h c c latina hmu
615,0, god bless america backtheblue americafirst trump2020maga kag
616,0, indieexperimental indieexperimental music art   culture metal government   politic
617,1, t h c c latina hmu
618,1, gods child team
619,1, threefoldsocialorder whitepositive atlantichomeland pinesandlines cognitivedisobedience eurythmist anthroposophist propertarian
620,1, t h c c latina hmu
621,0, let eat be hungry let drink dry dollar be hard religion die
622,0, half truth bad   fakenew evil win good ppl need speak vs tech giants abuse ur personal datum israeli jew unapologetic
623,0, magacurrent eventshumor entertainmentthe sweetest romance hint mystery
624,0, geek love video game mystery novel movie anime visual novel have fun basically
625,1, t h c c latina hmu
626,0, promote healthy natural supplement good health visit site try free offersstrongly radical   nazi world
627,1, bot1
628,0, married matt mother 2 grandmother 4 conservative patriot maga trump supporter nra member animal lover jesus christ lord savior
629,0, breast cancer sirvivor widow try live life evil world fill little hope new generation michigan matter
630,0, addition senior research analyst camera typosendorsement
631,0, abogada comercial en procesolul es mi gata   y lucas es el   la chocolatina es mi golosina dios es mi padre   opinione personale
632,0, e ambiental   esp en sistemas integrados de gestin hseq   patinadora aficionada
633,0, quantom restartopposition
634,0, swimmer yoga enthusiast business owner animal lover jewish american   momma max romeo mocha   jax prouddeplorable maga femalesfortrump
635,1, professional
636,1, support     boycott jewish   israeli antisemitism palestinian semites bc nonjew deserve equal right
637,0, la liga segunda divisin ms deportes deport baloncesto ftbol periodistas motor
638,1, t h c c latina hmu
639,0,   crusadeforchrist   defundpp 1a nra endantisemitismresistislam globalismisjihad prolife trustingod trump2020 kag
640,1, t h c c latina hmu
641,1, t h c c latina hmu
642,0, secular centrist liberal standwithhongkong
643,0, northern irish bear english father german mother   not european willing listen alternative opinion   long worthwhile
644,0, ciencia gestin e ingenieria de servicio en la urjc
645,0, word christ tag jesus kjv verse verse italic words jesus god     
646,1, t h c c latina hmu
647,0, start fight bot ughplease follow resistersfighthatefromhome resist antisemitic hate antisemitism punchanazi fbr ifb
648,0, journalistcovere sikh struggle
649,1, door slam come buy building bismillah
650,1, t h c c latina hmu
651,0, amante de la buena vida el respeto   uribista de corazn trabajador y familiar
652,0, expose antisemitism radical leave religious extreme altright
653,0,
654,0, wander mcwho visit israel stench hypocrisy puke pretzel paisanos pisher
655,0, rebellious unabashed unconventional lol devil advocate
656,0, shark attack survivor block     lifetime nra backpacker diver equestrian love god family usa   trump trumptrain maga
657,1, allah o servant mankind forbid oppression forbidden oppress
658,0, spreadlovekarthisamantha      love offl annahitman   mi
659,1, t h c c latina hmu
660,0, love country   hate political correctness pro israel   hate left skin crawl pro brexit   trump   tommyrobinson
661,1, t h c c latina hmu
662,1, t h c c latina hmu
663,0, howgoodisshitfuckery resistanceinoz
664,1, t h c c latina hmu
665,1, human right particularly woman   child   animal right environment history science travel interest
666,0, maga standwithisrael join fb group jewish gop fb
667,0, oo guy not civil u not discuss w watch left closely watch right closely bunch yutze
668,0, administradora en negocios internacionale gracias dio por tanta bendicin mi familia lo ms importante   move forward   inst   melluperdi
669,0, bear russiaproud americanamericaamericansfirsttrumplove vets1a2aconservative politic list
670,1, je ne rpond quau suprmatiste qui se la raconte respect les religion mais ceux ci reste des fables mythiques qui ne donne aucune lgitimites
671,0, senior lecturer israeli study soas research palestineisraelcity fragments stanford university press come april 2020
672,0, wel come power star   fan club proud fan puneeth sir
673,1, t h c c latina hmu
674,1, rave reporker   australias fair dinkum news blog
675,1, capitalist free marketeer constitutionalist disable vietnam vet member 2afdn estadista51   stoic
676,1, good listener
677,1, t h c c latina hmu
678,0, fan page youthicon powerstar    appu boss upcoming movie yuvarathnaa   james
679,0, generally adequate respect
680,0, tropical jewelry artistisaiah washington gen flynn omar navarro antonio sabato jr scott baio     build wall   crime fall mex  
681,1, time think
682,1, t h c c latina hmu
683,1, t h c c latina hmu
684,0, humanitarianfreelancer hiking friendship
685,0, abogado esp derecho contractual estatalmaster der pblicoidealista x construir un pas mejor travs de un cambio de mentalidadte atrevera seguirme
686,1, t h c c latina hmu
687,1, leather hobbyist paintballer snowboarder airbrusher dog lover
688,0, kannadigashivanna na bakthaappuyash andre love
689,1, t h c c latina hmu
690,1, muy puta
691,1, freedom liberty free speech catholic nationalist truth set free free
692,0, hey thank invite party yeah great let dog be leavingbut see book shelf borrow
693,0, cut girl prepuce clitoral hood    cut boy prepuce foreskin    
694,1, t h c c latina hmu
695,1, jc4pm
696,0, tip iceberg   jewish conspirator   channel coordinator    open source investigative journalist   vpn user   read public post
697,1, spiritually mentallydisabledneurodivergent nationalism
698,1, capitalist free marketeer constitutionalist disable vietnam vet member 2afdn estadista51   stoic
699,1, fascist incel supremacist monika
700,1, light heart darkness american european meditator autodidact dedicate parent realist thinker writer photographer antiwar list
701,0, fortunate son
702,1, antizionist italophile live ct south africa main hobby ancient rome
703,0, use uppercase cap
704,1, jewish people monolithic block not   support antisemiticislamophobic trump zionism apartheid israel
705,1, t h c c latina hmu
706,1, retire coast guard mom english mastiff momma healthwellness   learn mmt progressive activist veteran bernie
707,0, stet ambivalent   hehim nobds
708,0, right wing open opinion block trolls follow legit trump supporter list dms currentex roommate rt   endorse maga
709,0, musician ont website soundcloud rapper check evergarden soundcloud
710,0, criador de jogos habbo brptao qual foi ltima vez que voc fez algo pela primeira vez
711,0, thing necessary evil triumph good people fbr   votebluenomatterwho lymediseaseawareness resist
712,0, artsy human dream coincidence like write poetry sopialetnarvaezcom
713,0, cynicismcritical thinking necessities medicareforall bernie2020 getbehindbernie 1991orbust nomiddlegroundcriminaljusticereform blm
714,1, race allow ethnic pride white
715,0, datum security   privacy expert technologist entrepreneur     nationalist 30 patent monopoly kind
716,1, t h c c latina hmu
717,1, t h c c latina hmu
718,1, 52
719,0, cmacpa recreational pilot light aircraft manufacture fan keto carnivore low a1c youngevity intermittent fast corvette loverwoke kag trump2020
720,1, t h c c latina hmu
721,1, think pink spam
722,1, t h c c latina hmu
723,1, health matter cook bake history sport support lfc bvb   follow current affairs livestrong devotee cycling nut
724,0, defence analyst foreign policy expertise
725,0, choose kind
726,1, jc4pm
727,1, t h c c latina hmu
728,1, think die
729,1, god high truthmahatma ghandhi
730,1, democrata europeo socialista escritor comunicador estratega guitarrista clsico artista tenista udhr unfccc
731,0, people india
732,1, antizionist italophile live ct south africa main hobby ancient rome
733,0,   like sort victorian quote propertius lie pass ruffian penang lawyer byline place
734,0, matter style swim current matter principle stand like rock silent say yes silence consent
735,1, t h c c latina hmu
736,0, hail paper ballot
737,0, writer   epubbe novel   fanfic unrepentant fangirl   mother fangirl ubbf love good tv schlocky movie indians
738,0, single   male   age 35   dutch   nationalist   agnostic   advocate   europe europeans   antieu   neet
739,1, metallurgical worker keyword worker trot actually southern rock blue love metalhead highlander sf reader whatnotfuerzacristal cmonciteh
740,0, love makehear people laugh believe royal canadian legion honour armed force personal past present   love spacenature people
741,1, jc4pm
742,1, t h c c latina hmu
743,0, hombre paisa trabajador gusta que coincidan las palabras con los hechos administrador de empresas hincha del verde
744,0, rabbi brighton hove actually british irony love american sarcasm bad jew fact block candle burning
745,1, t h c c latina hmu
746,1, altleftistleftnationalist z list social medium personalityi pretend south african fish require
747,0, christian tired christian hegemonyi accidentally start daf yomi study server   link belowjewish   american   hehim
748,0, idea couple action big brain cell occupy
749,1, h    l   t      p eq   q   pf s      x idwp
750,1, jamesgbloomcom    longitudinal lifespan child cohort study
751,0, 24 year old single gamer ps4 close 200 sub check youtube u like hit like button subscribe would appreciate help
752,1,   lol
